,correlation
0050 - 0056,0.7967557906580639
00679B - 00720B,0.7383147913039911
0050 - 00646,0.6064806397438818
0056 - 00646,0.5591647092841256
1216 - 2412,0.344416357432759
00646 - 00720B,0.33251918211334297
00646 - 1216,0.3132477462041431
0050 - 1216,0.2869577590946474
0056 - 1216,0.2823031993463558
00635U - 00720B,0.21758345864342085
0056 - 00720B,0.2159709503609795
0050 - 00635U,0.19418372289374922
00646 - 2412,0.18810681522268752
0050 - 2412,0.1859585207796932
00635U - 00679B,0.17906423567894975
0056 - 00635U,0.1754162953295112
0056 - 2412,0.1685773238137545
0050 - 00720B,0.163216267632934
00635U - 00646,0.11978506528904305
00635U - 1216,0.08476995873230074
00720B - 1216,0.08346949393632841
00635U - 2412,0.061227007489677694
00720B - 2412,0.03938037244171869
00679B - 1216,-0.030484856801173528
0056 - 00679B,-0.03703590631426174
00679B - 2412,-0.03965861319000196
00646 - 00679B,-0.05840531258276673
0050 - 00679B,-0.08856615437943365
