Return,Volatility,w_0050,w_0056,w_00635U,w_00646,w_00679B,w_00720B,w_1216,w_2412
0.08153666249969489,0.07528439295366753,0.0,0.09813137437069665,0.08801656404947159,0.07260470133769563,0.2602839535012908,0.005095957757871347,0.04271489643847401,0.4331525525445001
0.08528301950023624,0.0753571349038277,8.538976265497327e-19,0.1117585163783153,0.09189549984416666,0.07723110457392143,0.25026491051839184,0.0,0.0358062832579817,0.43304368542722316
0.08902937650072112,0.07557852407288056,8.941103341280575e-21,0.12548810240628464,0.09572917875101235,0.08055873593161131,0.23647952064534636,0.0,0.02882176085334146,0.43292270141240385
0.09277573350123318,0.07594823226032045,0.0,0.13921845086793005,0.09956332356894208,0.08388526853299405,0.22269422350868429,0.0,0.02183744857064465,0.432801284950805
0.09652209050174436,0.07646410810211253,0.0,0.15295108781548253,0.10339730056646881,0.08720963172728742,0.20890983478420974,0.0,0.01485286733979621,0.4326792777667554
0.1002684475022525,0.07712321851675413,6.11469869656659e-18,0.16668206110423114,0.10723177395159986,0.09053621106429179,0.19512556412644724,2.0703661930858642e-17,0.007868056794593046,0.4325563329588369
0.10401480450274701,0.07791788423984534,0.005709485868022142,0.17413679172116317,0.11034660424573647,0.09200622733167665,0.1835935861335965,0.0,0.0015227901185922578,0.4326845145812129
0.10776116150326322,0.07882623923158512,0.01709269063690279,0.17562672267188378,0.11283865973095943,0.0909267631156476,0.17310088236930743,1.2298386701099048e-17,2.979776197207284e-18,0.4304142814752989
0.11150751850377301,0.07984949394281743,0.028723315987567846,0.17694517670496893,0.11533198164903978,0.08951062625846323,0.1622775351722865,1.9402488504228687e-18,1.4540051968058423e-18,0.42721136422767375
0.11525387550427907,0.08098369175472758,0.04035151119987716,0.17827078506053148,0.11782462015730254,0.08809115092052937,0.15145469996137503,1.2270164481893571e-18,3.883885205782295e-18,0.4240072327003845
0.11900023250479537,0.08222424176150574,0.051977792836903604,0.17959377788215852,0.12031844706394004,0.08667669060639076,0.1406294547702831,0.0,0.0,0.420803836840324
0.12274658950531267,0.08356640767840112,0.06360644354159149,0.18091680197938254,0.12281133622005969,0.08525898210366653,0.1298060420097549,0.0,0.0,0.4176003941455449
0.12649294650578546,0.08500537634091718,0.07523432599777952,0.18223850070415032,0.12530469205355144,0.08384361652357003,0.11898160816790532,0.0,2.6074638214990543e-18,0.4143972565530435
0.13023930350632473,0.08653631883290101,0.08686151251916134,0.18356014686432653,0.12779883415752857,0.08242905941004865,0.10815663641766467,0.0,0.0,0.41119381063127014
0.1339856605068255,0.08815444346850979,0.09848731570997266,0.18488359855799513,0.13029244909754992,0.0810150083858487,0.09733123240925025,0.0,2.4967608447575853e-19,0.40799039583938346
0.1377320175073643,0.08985504039903586,0.11011497207342062,0.18620671774533187,0.13278576991529847,0.07959849879713132,0.08650705340361287,0.0,7.327959601907995e-18,0.4047869880652049
0.14147837450783873,0.0916335180092862,0.12174186978348231,0.18752950597661358,0.13527946802162943,0.0781834655900022,0.07568230121234244,5.813916099238645e-19,0.0,0.40158338941593
0.14522473150831644,0.09348543157161317,0.13336985856179995,0.1888520754958514,0.13777269730225122,0.07676700907649334,0.0648581599034605,1.0185642393869738e-19,5.914127230761003e-18,0.3983801996601436
0.14897108850902002,0.09540650483742341,0.14499729466763997,0.1901747794988169,0.140266160624359,0.07535124964003619,0.054033716104016534,1.0867032462332049e-18,6.935294637572145e-18,0.39517679946513146
0.15271744550923733,0.0973926453597056,0.15662468368302826,0.19149760271004979,0.14275962629971486,0.07393542834866941,0.043209266568129644,0.0,1.1658200462906967e-18,0.39197339239040807
0.15646380251023567,0.09943995439897646,0.1682520704856901,0.192820632353536,0.14525307508133567,0.07251939974560677,0.0323848782136657,1.614317565612923e-18,0.0,0.3887699441201658
0.16021015951070142,0.10154473224794892,0.17987953327289322,0.19414404095536686,0.14774642850501346,0.0711027890210883,0.021560572290620007,6.251281186189579e-19,0.0,0.3855666359550183
0.16395651651091,0.10370347978595157,0.1915030719256714,0.19546971089384294,0.150240241280696,0.06968971924397173,0.010734068820134371,1.3797619770291148e-18,1.0695943802873465e-17,0.3823631878356836
0.16770287351140611,0.10591289845427682,0.20321039509752278,0.196754627299417,0.15270005335426245,0.06825307662389,0.0,0.0,0.0,0.3790818476249079
0.17144923051201771,0.10819177110047952,0.22418232133185836,0.19386398564225757,0.15111426184707744,0.06445545938667133,2.7645851875368285e-18,0.0,6.889029492750387e-18,0.3663839717921352
0.17519558751243516,0.11055653623851695,0.24515269197001383,0.1909753499597846,0.14952776703225754,0.06065905442690082,2.100694159261257e-18,0.0,2.016708866178542e-17,0.3536851366110433
0.178941944512931,0.11300180163491473,0.2661239098769985,0.18808506720558363,0.14794115058631618,0.05686297422430512,1.5243042792004879e-18,8.844972894156907e-19,1.2841156761012436e-17,0.3409868981067966
0.1826883015134937,0.11552245555124246,0.2870951644431753,0.18519598139707377,0.1463555266804445,0.05306471866030063,0.0,0.0,0.0,0.3282886088190059
0.18643465851388272,0.11811367150639294,0.30806504765693393,0.1823095710589728,0.14476992678730702,0.049265994078602125,0.0,0.0,0.0,0.3155894604181842
0.19018101551446184,0.12077090772749643,0.32903588422461244,0.17942074458916138,0.14318393204434732,0.04546853160216052,0.0,8.241929687866216e-18,0.0,0.3028909075397183
0.19392737251497624,0.12348990244657314,0.35000681040882353,0.17653188081260668,0.14159789876512152,0.04167092123153904,0.0,2.7858604802025895e-18,0.0,0.2901924887819093
0.19767372951547882,0.12626666605065687,0.3709774676142304,0.17364323453529396,0.1400119536390533,0.03787361741692519,5.205149436593036e-18,1.0327970536506631e-18,2.4142119188867385e-17,0.27749372679449713
0.201420086515991,0.12909747093256094,0.39194828254023995,0.17075441872210284,0.1384260664208671,0.03407614849411785,1.5274741096109996e-18,5.930820392805576e-18,1.4782136388102708e-17,0.26479508382267225
0.2051664435164955,0.1319788397553165,0.41291912362816574,0.16786554833820605,0.13683978699098426,0.03027885240111957,2.9100158144058652e-18,7.082732114794253e-19,2.814645175232083e-17,0.2520966886415242
0.20891280051693448,0.13490753270861652,0.43389019161613546,0.16497595196356946,0.13525494059732115,0.0264814496715957,0.0,0.0,0.0,0.2393974661513783
0.21265915751723116,0.1378805342178112,0.4548620877432685,0.16208501193792726,0.1336682212850785,0.02268470124175419,0.0,7.680976903489899e-18,2.0592545090968995e-18,0.2266999777919717
0.2164055145180296,0.14089503946974655,0.4758315856946872,0.15919909642355956,0.1320816831078819,0.018886589646082377,0.0,4.098660906365583e-18,0.0,0.214001045127789
0.22015187151853335,0.14394844102854173,0.4968024084781381,0.156310282825312,0.13049565063578827,0.015089157588016872,4.161526564407613e-18,0.0,7.511551398651859e-18,0.20130250047274478
0.22389822851902139,0.1470383157488565,0.5177731462917824,0.15342147595786068,0.12890991330495735,0.011291801157033973,0.0,3.7464990690376184e-19,0.0,0.18860366328836567
0.22764458551948466,0.15016241213639303,0.5387468145530975,0.15052742637498892,0.12732478885555484,0.0074945097998419105,0.0,0.0,0.0,0.17590646041651686
0.23139094251958195,0.1533186382498404,0.5597170686845528,0.147639988030262,0.12573839493619285,0.0036966598327298644,2.9815675775131675e-18,0.0,7.951168149318472e-20,0.16320788851626233
0.23513729952056614,0.15650505086575942,0.5806644079213796,0.1447219256126215,0.12414495582735093,0.0,2.0678004873697927e-18,0.0,4.973502960889821e-18,0.15046871063864808
0.23888365652107527,0.15972077805947787,0.6008310140504515,0.14058352389795678,0.12231145849992062,0.0,0.0,1.236201206373516e-18,0.0,0.13627400355167119
0.24263001352158628,0.162964910165708,0.6209976468222649,0.13644508567869024,0.12047792948664743,0.0,1.6611154004619059e-18,0.0,0.0,0.1220793380123975
0.24637637052208453,0.16623578420625934,0.6411641571254476,0.1323067292653331,0.11864484444274706,0.0,2.89328361762077e-18,0.0,8.92392422436611e-19,0.10788426916647237
0.25012272752261394,0.16953185234635712,0.6613307936153804,0.1281682889280787,0.1168113006828122,1.0716429305759713e-17,0.0,1.546625193176772e-18,0.0,0.09368961677372867
0.2538690845230967,0.17285167333078075,0.6814973931351002,0.1240299117016428,0.11497775767939333,0.0,2.934499396467093e-18,0.0,0.0,0.07949493748386371
0.25761544152365806,0.17619390452159508,0.7016642032094728,0.1198908351941699,0.11314538931280153,4.214929019100798e-18,0.0,0.0,0.0,0.0652995722835558
0.26136179852412833,0.17955729450980512,0.7218306636680556,0.11575306102099299,0.11131058064934762,9.035102957071803e-18,0.0,0.0,1.3947528422628153e-18,0.05110569466160374
0.2651081555243719,0.18294067627768343,0.7419969776802803,0.11161579165792182,0.1094748910154727,9.491063462687535e-19,1.2276249977202294e-18,1.384472536130162e-18,0.0,0.03691233964632522
0.268854512525147,0.18634296087040808,0.7621639025335575,0.10747619267793909,0.1076436530712964,1.8077404329417104e-18,2.5546516864518345e-18,0.0,2.4277065374816956e-18,0.022716251717207127
0.27260086952488083,0.18976313155815197,0.7823304898824848,0.10333782425936967,0.10581015181604299,0.0,4.714296763248523e-18,0.0,0.0,0.00852153404210264
0.2763472265261634,0.19320326073611827,0.8067390737903071,0.09300576991248903,0.10025515629720394,0.0,0.0,5.870197217328675e-18,0.0,7.836969362102912e-19
0.28009358352667213,0.19668980638790032,0.8375193944815249,0.07337044986911068,0.08911015564936431,8.656017124485936e-18,1.0977643603630579e-18,5.586775464180351e-18,0.0,1.3237426401895621e-18
0.2838399405271811,0.20022692349441287,0.8682997343914421,0.05373509135471914,0.0779651742538388,0.0,0.0,1.0640284392147644e-17,0.0,0.0
0.2875862975276898,0.2038119790994917,0.8990800848622232,0.034099711700126115,0.06682020343765056,0.0,2.062937509812435e-18,5.467636413672943e-19,1.7836289453933325e-18,0.0
0.2913326545281986,0.20744248777468977,0.929860435991963,0.014464330726462908,0.05567523328157408,0.0,0.0,2.7821440224455403e-18,3.454789987766788e-19,0.0
0.2950790115287074,0.21111719893494865,0.9580575212402339,0.0,0.04194247875976617,4.366650842118101e-19,0.0,1.7467229611623605e-18,1.5904673682862377e-18,1.0437070583368914e-17
0.2988253685292163,0.21485536536906136,0.9790287606201173,3.591638007329473e-17,0.020971239379882704,4.503588153685082e-18,6.693222645074208e-18,6.3674442443556695e-18,1.5282952143633652e-18,8.541854814797153e-18
0.30257172552972506,0.21866199966304464,1.0,1.998063041427964e-18,0.0,0.0,3.9838892495080145e-18,0.0,2.514845611635586e-18,0.0
